customerID,gender,SeniorCitizen,tenure,PhoneService,InternetService,MonthlyCharges,TotalCharges,Churn
CUST00001,Male,0,2,Yes,Fiber optic,103.27,215.86,No
CUST00002,Male,1,18,No,DSL,87.06,1440.26,No
CUST00003,Male,0,62,Yes,DSL,40.41,2963.95,No
CUST00004,Male,0,39,Yes,DSL,53.78,1719.86,No
CUST00005,Male,0,10,Yes,DSL,72.63,629.16,Yes
CUST00006,Female,0,3,Yes,DSL,66.35,179.26,No
CUST00007,Male,1,33,Yes,No,94.46,3180.62,No
CUST00008,Female,1,5,No,DSL,64.81,301.57,No
CUST00009,Male,0,40,No,Fiber optic,66.63,2844.06,No
CUST00010,Female,0,37,Yes,Fiber optic,23.75,1189.93,No
CUST00011,Male,0,39,No,Fiber optic,91.35,3218.12,No
CUST00012,Male,0,54,Yes,DSL,62.16,3610.19,No
CUST00013,Female,0,1,No,Fiber optic,62.1,59.29,Yes
CUST00014,Male,1,48,Yes,DSL,69.3,3541.91,Yes
CUST00015,Male,0,16,Yes,Fiber optic,22.59,519.27,Yes
CUST00016,Female,0,0,No,DSL,72.34,,Yes
CUST00017,Male,0,57,Yes,No,80.18,4335.81,No
CUST00018,Female,0,29,No,Fiber optic,76.09,2197.2,No
CUST00019,Female,0,35,No,No,99.02,3580.08,No
CUST00020,Female,0,0,No,Fiber optic,106.72,,Yes
CUST00021,Male,0,7,No,No,87.74,657.14,Yes
CUST00022,Female,0,11,No,DSL,81.99,878.19,Yes
CUST00023,Female,0,36,Yes,No,35.02,1183.52,No
CUST00024,Male,0,8,No,No,107.14,913.56,Yes
CUST00025,Male,0,5,No,Fiber optic,67.44,,No
CUST00026,Male,0,9,Yes,Fiber optic,81.57,,No
CUST00027,Male,0,10,Yes,DSL,68.72,671.35,No
CUST00028,Male,0,54,No,Fiber optic,67.81,3447.73,No
CUST00029,Male,0,69,No,DSL,52.93,3127.53,No
CUST00030,Male,0,2,No,No,80.71,152.59,Yes
CUST00031,Female,0,17,No,DSL,46.85,,No
CUST00032,Female,0,10,Yes,DSL,75.47,712.74,No
CUST00033,Female,0,11,No,Fiber optic,69.88,789.13,Yes
CUST00034,Male,0,26,No,No,49.63,1323.18,No
CUST00035,Female,1,22,No,DSL,67.63,1424.38,No
CUST00036,Male,0,65,Yes,Fiber optic,61.51,3360.4,Yes
CUST00037,Female,0,58,No,No,48.76,2661.73,No
CUST00038,Female,0,6,Yes,DSL,108.19,680.83,Yes
CUST00039,Male,0,14,Yes,No,22.4,242.28,No
CUST00040,Male,0,12,No,Fiber optic,51.9,,No
CUST00041,Male,0,9,Yes,DSL,61.22,489.92,No
CUST00042,Male,0,2,No,Fiber optic,94.8,171.55,No
CUST00043,Female,1,54,No,DSL,80.81,4054.26,Yes
CUST00044,Male,0,0,Yes,No,105.91,,No
CUST00045,Female,0,18,Yes,Fiber optic,72.43,1339.71,No
CUST00046,Male,0,7,Yes,No,86.23,620.23,Yes
CUST00047,Female,0,35,Yes,Fiber optic,34.93,1477.64,No
CUST00048,Female,0,5,No,DSL,109.36,591.46,No
CUST00049,Male,0,1,No,Fiber optic,76.23,71.35,Yes
CUST00050,Male,0,9,Yes,DSL,69.68,710.53,No
CUST00051,Female,1,16,No,Fiber optic,47.69,814.67,No
CUST00052,Male,1,34,No,Fiber optic,48.69,1811.1,No
CUST00053,Female,0,23,Yes,DSL,79.16,1732.64,No
CUST00054,Female,0,64,No,DSL,35.86,2444.53,No
CUST00055,Male,0,4,Yes,Fiber optic,84.73,370.71,Yes
CUST00056,Male,0,32,No,DSL,34.57,1342.13,No
CUST00057,Female,0,44,Yes,DSL,99.78,4783.52,No
CUST00058,Male,0,47,Yes,No,99.95,5165.73,No
CUST00059,Female,0,13,No,DSL,90.32,1139.96,No
CUST00060,Male,1,1,Yes,DSL,70.71,,No
CUST00061,Female,0,45,No,DSL,43.43,1512.7,No
CUST00062,Male,0,54,Yes,Fiber optic,85.77,4797.02,No
CUST00063,Male,0,7,No,Fiber optic,79.52,552.23,No
CUST00064,Male,0,40,No,Fiber optic,74.17,3143.29,No
CUST00065,Male,0,69,Yes,No,32.05,2589.57,No
CUST00066,Male,0,0,No,DSL,81.55,,Yes
CUST00067,Male,0,9,Yes,DSL,65.69,589.03,No
CUST00068,Female,0,3,Yes,DSL,86.23,269.23,Yes
CUST00069,Female,0,52,Yes,No,47.57,2802.05,No
CUST00070,Female,0,39,No,DSL,51.8,2028.05,No
CUST00071,Male,1,7,Yes,Fiber optic,60.55,353.97,No
CUST00072,Male,0,4,Yes,Fiber optic,74.13,329.32,Yes
CUST00073,Female,0,27,Yes,Fiber optic,68.09,1578.53,Yes
CUST00074,Male,0,40,No,Fiber optic,29.31,1562.1,No
CUST00075,Female,0,6,No,Fiber optic,99.64,647.66,No
CUST00076,Male,0,12,No,No,35.4,368.54,No
CUST00077,Male,0,16,Yes,DSL,42.96,736.47,No
CUST00078,Female,0,8,Yes,DSL,102.7,774.6,No
CUST00079,Male,0,11,Yes,No,94.9,973.0,No
CUST00080,Male,0,17,No,DSL,82.33,1451.59,No
CUST00081,Female,1,4,Yes,Fiber optic,79.41,355.36,No
CUST00082,Male,1,59,No,Fiber optic,45.23,2467.98,No
CUST00083,Female,0,19,Yes,Fiber optic,50.54,1079.27,No
CUST00084,Female,0,32,No,DSL,56.62,1526.1,No
CUST00085,Male,1,42,Yes,DSL,21.58,492.18,No
CUST00086,Male,1,64,Yes,No,90.54,5989.12,No
CUST00087,Male,0,48,No,Fiber optic,93.84,4423.37,Yes
CUST00088,Female,0,69,No,DSL,45.58,2969.17,No
CUST00089,Female,0,24,No,DSL,96.49,2209.32,No
CUST00090,Male,1,6,No,DSL,107.8,685.59,No
CUST00091,Female,0,57,No,DSL,78.86,4706.78,No
CUST00092,Male,0,34,Yes,No,20.32,858.19,No
CUST00093,Female,1,72,Yes,Fiber optic,81.22,6443.91,No
CUST00094,Female,0,3,No,DSL,63.81,188.25,No
CUST00095,Female,0,18,Yes,DSL,87.52,1700.27,No
CUST00096,Female,0,13,No,No,81.85,961.7,No
CUST00097,Male,1,1,No,Fiber optic,86.51,90.73,No
CUST00098,Male,1,8,No,DSL,93.83,765.2,Yes
CUST00099,Male,1,7,No,Fiber optic,69.02,548.7,No
CUST00100,Female,1,15,No,No,58.24,966.13,No
CUST00101,Male,0,53,No,Fiber optic,22.06,709.02,No
CUST00102,Male,0,3,No,Fiber optic,72.18,186.82,No
CUST00103,Male,0,66,No,No,38.06,2998.76,No
CUST00104,Female,1,7,Yes,DSL,91.63,695.9,No
CUST00105,Female,0,54,Yes,Fiber optic,23.79,1646.81,No
CUST00106,Female,0,1,No,No,68.31,,No
CUST00107,Female,0,3,No,DSL,69.61,215.95,No
CUST00108,Female,0,4,Yes,Fiber optic,104.67,394.82,No
CUST00109,Male,1,17,Yes,Fiber optic,92.02,1651.35,No
CUST00110,Female,0,66,No,Fiber optic,76.71,5254.46,No
CUST00111,Female,1,13,No,DSL,88.91,1154.58,Yes
CUST00112,Male,0,0,Yes,DSL,82.08,,Yes
CUST00113,Female,0,7,Yes,No,65.13,440.53,No
CUST00114,Female,0,37,No,DSL,95.1,3730.07,No
CUST00115,Female,0,7,Yes,DSL,72.27,506.87,No
CUST00116,Male,0,56,No,DSL,27.58,1661.85,No
CUST00117,Female,0,4,Yes,No,107.7,400.3,Yes
CUST00118,Male,0,59,Yes,No,92.83,5766.46,No
CUST00119,Male,0,20,No,Fiber optic,24.81,398.22,No
CUST00120,Male,1,45,Yes,DSL,93.19,4454.47,No
CUST00121,Female,0,46,No,DSL,32.16,1138.64,No
CUST00122,Male,0,69,Yes,DSL,85.46,5759.69,No
CUST00123,Female,0,59,Yes,Fiber optic,42.06,2938.9,No
CUST00124,Female,0,51,No,DSL,98.45,,No
CUST00125,Male,0,6,Yes,DSL,83.06,522.05,No
CUST00126,Female,0,46,No,Fiber optic,28.89,1420.02,No
CUST00127,Male,0,8,No,DSL,77.3,643.58,Yes
CUST00128,Female,0,67,No,Fiber optic,54.7,3164.89,Yes
CUST00129,Female,0,10,No,DSL,109.42,1078.59,Yes
CUST00130,Female,1,12,No,Fiber optic,85.35,1034.99,Yes
CUST00131,Female,0,25,Yes,No,81.72,1931.27,No
CUST00132,Male,0,54,Yes,DSL,40.62,2696.86,No
CUST00133,Male,0,46,Yes,DSL,80.46,3897.65,No
CUST00134,Male,0,59,No,Fiber optic,65.52,4174.95,No
CUST00135,Male,0,46,No,Fiber optic,51.25,,No
CUST00136,Male,0,5,Yes,Fiber optic,71.03,343.21,No
CUST00137,Male,0,3,Yes,No,109.22,349.48,No
CUST00138,Male,0,56,Yes,DSL,35.6,2321.17,No
CUST00139,Male,1,7,No,DSL,80.28,531.69,Yes
CUST00140,Male,0,18,Yes,DSL,42.71,675.03,No
CUST00141,Male,0,9,Yes,Fiber optic,99.35,914.48,Yes
CUST00142,Male,0,10,No,No,83.58,870.92,No
CUST00143,Female,0,50,Yes,Fiber optic,35.12,1617.97,Yes
CUST00144,Female,1,12,Yes,Fiber optic,67.89,737.97,Yes
CUST00145,Female,0,71,No,DSL,91.93,6227.18,No
CUST00146,Male,0,29,No,DSL,23.09,917.97,No
CUST00147,Female,1,36,No,No,44.46,1314.83,No
CUST00148,Female,0,21,Yes,Fiber optic,91.9,2016.62,No
CUST00149,Female,1,4,Yes,DSL,71.83,298.74,Yes
CUST00150,Female,0,0,Yes,No,96.6,,Yes
CUST00151,Male,1,46,Yes,DSL,61.29,3087.69,No
CUST00152,Female,0,6,Yes,Fiber optic,94.71,599.16,No
CUST00153,Female,0,1,Yes,DSL,66.41,71.62,No
CUST00154,Male,0,64,Yes,DSL,89.17,5996.97,No
CUST00155,Female,0,28,No,Fiber optic,32.48,1057.47,No
CUST00156,Female,0,63,Yes,DSL,58.79,4258.28,No
CUST00157,Female,0,67,No,No,29.17,1872.43,No
CUST00158,Male,0,11,No,DSL,69.92,694.68,No
CUST00159,Female,1,45,No,DSL,65.36,2727.3,No
CUST00160,Female,0,14,Yes,Fiber optic,21.88,400.95,No
CUST00161,Male,1,10,No,Fiber optic,67.7,693.73,Yes
CUST00162,Female,1,71,Yes,No,49.18,3204.68,No
CUST00163,Female,1,2,No,Fiber optic,89.85,186.76,Yes
CUST00164,Female,0,3,No,DSL,89.23,248.02,No
CUST00165,Female,1,2,Yes,Fiber optic,64.77,138.16,No
CUST00166,Male,0,15,Yes,Fiber optic,59.95,772.39,Yes
CUST00167,Male,1,3,No,DSL,64.21,207.06,No
CUST00168,Male,0,47,Yes,DSL,33.21,1359.84,No
CUST00169,Female,0,38,Yes,DSL,67.89,2350.37,No
CUST00170,Female,0,69,Yes,DSL,49.81,3239.13,No
CUST00171,Male,0,10,Yes,DSL,79.61,,Yes
CUST00172,Female,0,23,Yes,DSL,55.96,1267.16,No
CUST00173,Female,1,12,Yes,Fiber optic,59.95,706.65,No
CUST00174,Female,0,2,No,Fiber optic,61.31,142.23,No
CUST00175,Female,1,25,Yes,Fiber optic,72.9,1754.7,Yes
CUST00176,Male,0,3,No,DSL,82.43,244.73,Yes
CUST00177,Male,0,48,No,DSL,48.06,2052.16,No
CUST00178,Female,0,70,No,DSL,81.71,6217.22,No
CUST00179,Male,0,2,Yes,DSL,75.57,155.82,Yes
CUST00180,Female,0,20,No,Fiber optic,25.94,427.07,No
CUST00181,Female,0,49,No,DSL,20.28,,No
CUST00182,Male,1,6,Yes,No,88.26,553.28,Yes
CUST00183,Male,0,36,Yes,Fiber optic,77.91,2734.96,No
CUST00184,Male,0,11,Yes,DSL,95.07,1003.29,Yes
CUST00185,Female,0,7,No,DSL,64.0,395.33,No
CUST00186,Male,0,54,No,DSL,85.11,4321.95,No
CUST00187,Female,0,4,Yes,No,103.27,384.83,No
CUST00188,Female,0,7,No,DSL,103.38,708.92,Yes
CUST00189,Female,0,29,No,No,21.74,884.62,No
CUST00190,Female,0,5,Yes,DSL,83.35,402.28,No
CUST00191,Male,0,52,Yes,DSL,21.44,1558.34,No
CUST00192,Female,0,8,Yes,Fiber optic,90.68,668.39,No
CUST00193,Male,1,1,Yes,DSL,99.7,97.02,No
CUST00194,Female,0,8,No,No,86.26,650.49,No
CUST00195,Male,1,36,No,Fiber optic,79.31,2772.67,Yes
CUST00196,Male,0,10,Yes,DSL,61.41,707.88,No
CUST00197,Female,0,6,No,DSL,81.01,443.89,No
CUST00198,Male,0,0,Yes,DSL,61.35,,No
CUST00199,Female,0,42,No,DSL,23.22,663.06,No
CUST00200,Female,0,14,No,Fiber optic,45.83,773.47,Yes
CUST00201,Female,0,50,Yes,No,43.14,1861.97,No
CUST00202,Female,0,9,Yes,No,87.65,814.14,Yes
CUST00203,Male,0,5,Yes,Fiber optic,64.59,303.28,No
CUST00204,Female,1,46,No,Fiber optic,79.73,3651.55,No
CUST00205,Male,0,8,No,Fiber optic,64.33,594.2,No
CUST00206,Male,0,9,Yes,DSL,99.98,892.84,Yes
CUST00207,Male,1,3,Yes,Fiber optic,84.11,244.92,Yes
CUST00208,Female,0,42,No,Fiber optic,65.49,2449.57,No
CUST00209,Female,0,18,Yes,Fiber optic,93.49,1648.26,No
CUST00210,Female,0,43,Yes,DSL,78.99,3702.55,No
CUST00211,Male,0,2,No,Fiber optic,64.61,138.14,Yes
CUST00212,Male,0,5,No,DSL,61.13,339.29,No
CUST00213,Female,0,22,Yes,DSL,87.83,1984.57,No
CUST00214,Female,1,4,No,No,94.76,,Yes
CUST00215,Female,0,18,No,Fiber optic,78.54,1582.51,Yes
CUST00216,Male,1,1,Yes,Fiber optic,86.94,93.63,Yes
CUST00217,Male,0,49,No,Fiber optic,59.77,2608.37,No
CUST00218,Male,0,5,No,DSL,107.07,487.88,No
CUST00219,Female,0,33,Yes,DSL,96.15,3373.82,No
CUST00220,Female,0,5,Yes,DSL,70.17,360.49,Yes
CUST00221,Male,0,8,Yes,DSL,92.94,812.7,Yes
CUST00222,Male,1,48,No,Fiber optic,40.36,1864.69,Yes
CUST00223,Female,0,23,Yes,Fiber optic,66.67,1680.82,Yes
CUST00224,Female,1,45,No,Fiber optic,92.54,4375.23,No
CUST00225,Female,0,30,Yes,Fiber optic,32.32,1029.22,No
CUST00226,Female,1,64,Yes,No,45.83,3301.68,Yes
CUST00227,Male,0,62,Yes,No,89.86,5044.25,No
CUST00228,Female,0,2,Yes,DSL,61.42,140.81,No
CUST00229,Female,1,42,No,DSL,59.1,,No
CUST00230,Female,0,12,Yes,Fiber optic,81.28,1001.88,Yes
CUST00231,Female,0,5,No,Fiber optic,84.04,417.97,No
CUST00232,Male,0,61,Yes,Fiber optic,63.36,3656.35,Yes
CUST00233,Male,0,10,Yes,Fiber optic,61.07,670.7,No
CUST00234,Female,0,20,No,No,47.39,1054.43,No
CUST00235,Female,0,10,No,DSL,81.69,773.01,Yes
CUST00236,Male,1,10,Yes,Fiber optic,82.06,839.2,No
CUST00237,Male,1,0,No,DSL,62.91,,Yes
CUST00238,Male,0,3,No,DSL,88.44,290.63,No
CUST00239,Female,0,58,Yes,Fiber optic,56.82,3570.48,No
CUST00240,Male,0,6,No,Fiber optic,93.57,504.53,Yes
CUST00241,Female,0,5,Yes,DSL,77.77,402.12,Yes
CUST00242,Female,0,2,Yes,Fiber optic,75.76,168.15,Yes
CUST00243,Male,0,35,Yes,No,24.47,605.3,No
CUST00244,Male,0,2,Yes,No,70.8,144.52,No
CUST00245,Female,0,9,No,DSL,94.45,875.16,No
CUST00246,Female,0,34,Yes,DSL,72.86,2342.55,No
CUST00247,Male,0,38,No,No,57.85,2210.34,No
CUST00248,Female,0,31,Yes,No,76.32,2546.15,No
CUST00249,Female,0,30,No,Fiber optic,77.44,2126.5,Yes
CUST00250,Male,0,37,Yes,DSL,84.63,2859.27,No
CUST00251,Male,0,39,No,Fiber optic,93.74,3629.29,Yes
CUST00252,Male,0,10,No,Fiber optic,61.67,571.58,No
CUST00253,Male,0,1,No,No,65.44,66.15,No
CUST00254,Male,0,65,No,DSL,52.78,,No
CUST00255,Male,0,24,No,No,97.19,2463.75,No
CUST00256,Female,0,1,Yes,Fiber optic,87.73,,Yes
CUST00257,Female,0,71,Yes,Fiber optic,33.43,2750.08,No
CUST00258,Male,0,11,No,No,99.63,1126.33,No
CUST00259,Female,0,60,Yes,No,74.62,4221.1,No
CUST00260,Female,0,11,No,DSL,95.8,1108.77,Yes
CUST00261,Male,1,2,No,Fiber optic,105.66,200.24,Yes
CUST00262,Female,0,15,No,No,40.94,479.09,No
CUST00263,Male,0,58,No,No,47.1,2288.09,No
CUST00264,Female,0,42,Yes,Fiber optic,37.97,1215.98,Yes
CUST00265,Female,1,0,Yes,No,108.95,,No
CUST00266,Male,0,7,Yes,Fiber optic,104.58,698.76,Yes
CUST00267,Male,0,24,Yes,DSL,99.76,,No
CUST00268,Male,1,64,No,Fiber optic,91.15,5939.18,No
CUST00269,Female,0,52,Yes,Fiber optic,44.46,1875.85,Yes
CUST00270,Male,0,47,No,DSL,60.95,2670.31,No
CUST00271,Female,0,10,No,Fiber optic,72.59,760.36,No
CUST00272,Male,0,57,No,Fiber optic,53.95,2678.84,No
CUST00273,Female,1,39,No,Fiber optic,92.69,3572.67,Yes
CUST00274,Male,0,32,No,DSL,46.58,1486.45,No
CUST00275,Male,0,8,No,Fiber optic,98.86,730.57,Yes
CUST00276,Female,0,12,No,Fiber optic,23.9,228.36,No
CUST00277,Male,1,57,No,DSL,59.55,3574.58,Yes
CUST00278,Male,1,17,Yes,No,76.31,1164.42,No
CUST00279,Female,0,2,No,Fiber optic,66.37,148.26,No
CUST00280,Female,0,70,No,Fiber optic,53.19,3083.75,Yes
CUST00281,Female,1,4,No,Fiber optic,75.0,291.95,Yes
CUST00282,Male,0,5,No,Fiber optic,102.49,,Yes
CUST00283,Female,1,32,Yes,Fiber optic,92.89,2920.5,No
CUST00284,Female,0,65,Yes,Fiber optic,30.87,2051.69,No
CUST00285,Female,0,8,No,Fiber optic,78.13,619.22,No
CUST00286,Female,1,7,No,DSL,100.82,760.13,Yes
CUST00287,Male,1,1,No,DSL,69.91,63.16,Yes
CUST00288,Female,0,43,No,Fiber optic,56.55,2644.3,No
CUST00289,Female,0,9,No,Fiber optic,97.15,822.02,Yes
CUST00290,Female,1,9,Yes,Fiber optic,90.82,825.66,No
CUST00291,Female,0,51,No,DSL,40.27,1915.64,No
CUST00292,Female,0,53,Yes,No,63.22,3701.71,No
CUST00293,Female,0,8,No,DSL,86.54,715.08,Yes
CUST00294,Female,1,6,Yes,Fiber optic,99.0,569.23,Yes
CUST00295,Male,0,2,No,No,86.02,176.88,No
CUST00296,Female,0,39,No,No,86.15,3539.88,No
CUST00297,Male,0,12,No,No,51.75,667.95,No
CUST00298,Male,0,7,Yes,DSL,72.4,476.19,Yes
CUST00299,Male,0,19,Yes,Fiber optic,80.76,1584.85,No
CUST00300,Female,1,33,Yes,Fiber optic,24.29,931.73,Yes
CUST00301,Male,0,37,No,No,51.46,1701.17,No
CUST00302,Female,0,5,No,Fiber optic,90.5,434.79,Yes
CUST00303,Female,0,64,Yes,No,88.52,5917.89,No
CUST00304,Female,0,35,Yes,DSL,51.93,1826.55,No
CUST00305,Male,0,33,Yes,Fiber optic,45.34,1605.07,No
CUST00306,Female,0,3,Yes,Fiber optic,96.12,296.31,No
CUST00307,Male,0,4,No,DSL,75.12,338.78,No
CUST00308,Female,0,0,Yes,Fiber optic,81.36,,Yes
CUST00309,Male,0,5,Yes,No,97.45,462.21,Yes
CUST00310,Male,0,64,No,Fiber optic,35.13,2150.46,No
CUST00311,Male,1,23,No,Fiber optic,50.56,1371.4,Yes
CUST00312,Female,0,53,Yes,DSL,26.29,1554.09,No
CUST00313,Female,0,49,Yes,DSL,37.07,1449.59,No
CUST00314,Male,0,46,Yes,Fiber optic,59.85,2659.68,Yes
CUST00315,Female,0,4,No,DSL,100.17,396.05,Yes
CUST00316,Male,0,48,No,DSL,91.06,4530.73,No
CUST00317,Female,1,5,Yes,No,95.46,492.53,Yes
CUST00318,Female,0,5,Yes,Fiber optic,85.55,399.12,Yes
CUST00319,Male,1,47,No,Fiber optic,58.37,2847.71,No
CUST00320,Male,0,40,Yes,DSL,46.43,1730.18,No
CUST00321,Male,0,3,Yes,DSL,67.73,213.58,No
CUST00322,Female,0,1,No,Fiber optic,88.5,80.35,No
CUST00323,Female,0,8,No,Fiber optic,67.06,589.0,No
CUST00324,Female,1,66,No,DSL,21.83,907.69,No
CUST00325,Female,1,51,Yes,Fiber optic,80.81,3984.63,No
CUST00326,Female,1,53,Yes,Fiber optic,36.29,2205.21,No
CUST00327,Male,1,50,No,Fiber optic,43.73,2644.39,Yes
CUST00328,Male,0,41,No,DSL,65.78,3020.93,No
CUST00329,Male,0,56,No,No,77.18,4025.89,No
CUST00330,Female,0,7,Yes,Fiber optic,101.85,652.37,Yes
CUST00331,Female,0,28,No,Fiber optic,72.99,2040.57,No
CUST00332,Female,0,18,Yes,Fiber optic,43.58,893.1,No
CUST00333,Male,0,2,Yes,No,92.16,165.3,No
CUST00334,Male,0,30,No,DSL,76.47,1998.6,No
CUST00335,Male,0,8,No,DSL,88.68,715.74,Yes
CUST00336,Male,0,45,No,Fiber optic,47.71,1752.4,No
CUST00337,Male,0,2,Yes,DSL,65.39,112.14,No
CUST00338,Male,0,62,No,Fiber optic,96.15,6121.07,No
CUST00339,Male,0,59,No,No,40.9,2631.63,No
CUST00340,Female,0,54,Yes,DSL,56.81,3336.37,No
CUST00341,Female,0,2,No,Fiber optic,68.81,128.6,Yes
CUST00342,Male,0,37,Yes,DSL,98.31,3435.71,No
CUST00343,Male,0,2,Yes,DSL,65.96,150.98,No
CUST00344,Female,0,35,No,DSL,76.89,,No
CUST00345,Male,1,41,No,No,89.76,3924.72,No
CUST00346,Female,0,32,No,No,85.6,3021.26,No
CUST00347,Female,0,1,Yes,DSL,84.12,,No
CUST00348,Female,0,33,Yes,No,96.02,3444.43,No
CUST00349,Male,0,10,No,No,65.09,740.09,No
CUST00350,Male,0,12,No,DSL,58.71,791.19,No
CUST00351,Female,0,48,No,Fiber optic,49.76,2376.43,No
CUST00352,Male,0,23,Yes,Fiber optic,60.14,1155.54,No
CUST00353,Female,0,59,No,Fiber optic,35.12,1975.46,Yes
CUST00354,Female,0,34,No,DSL,90.23,2816.3,No
CUST00355,Female,0,12,No,DSL,73.37,906.53,No
CUST00356,Male,0,72,Yes,No,60.29,4125.92,No
CUST00357,Female,0,46,No,No,30.01,1201.21,No
CUST00358,Female,0,67,Yes,Fiber optic,57.35,3869.59,No
CUST00359,Male,0,2,No,Fiber optic,109.48,228.74,Yes
CUST00360,Male,0,5,Yes,DSL,107.24,516.4,No
CUST00361,Male,1,23,No,Fiber optic,58.49,1122.46,Yes
CUST00362,Female,1,26,Yes,DSL,61.36,1381.19,Yes
CUST00363,Male,0,46,No,Fiber optic,74.56,3139.89,No
CUST00364,Female,1,39,No,Fiber optic,36.93,1624.0,No
CUST00365,Female,0,25,No,Fiber optic,27.79,671.22,No
CUST00366,Female,1,23,No,Fiber optic,88.56,2235.17,No
CUST00367,Male,0,59,No,DSL,96.98,5447.48,No
CUST00368,Male,0,53,No,Fiber optic,57.4,3451.75,No
CUST00369,Male,0,29,Yes,DSL,32.0,1030.63,No
CUST00370,Female,0,71,Yes,No,59.83,4534.68,No
CUST00371,Female,0,4,Yes,Fiber optic,70.09,,Yes
CUST00372,Male,0,29,No,DSL,48.1,1421.15,No
CUST00373,Female,1,61,Yes,No,94.81,5427.78,Yes
CUST00374,Female,0,32,No,DSL,22.8,538.44,No
CUST00375,Male,0,11,Yes,DSL,79.01,956.42,Yes
CUST00376,Female,0,12,No,Fiber optic,53.94,532.23,No
CUST00377,Male,0,19,Yes,DSL,75.63,1481.48,No
CUST00378,Female,1,3,No,Fiber optic,100.5,305.55,Yes
CUST00379,Female,1,26,No,Fiber optic,64.23,1421.8,No
CUST00380,Female,0,1,No,DSL,70.88,64.57,Yes
CUST00381,Male,0,16,No,Fiber optic,42.44,740.14,Yes
CUST00382,Male,1,61,Yes,No,53.84,3361.8,Yes
CUST00383,Female,0,38,Yes,Fiber optic,72.03,2483.61,No
CUST00384,Male,0,50,Yes,Fiber optic,73.65,3867.42,No
CUST00385,Female,0,45,Yes,Fiber optic,78.18,3606.52,No
CUST00386,Female,1,61,Yes,DSL,41.11,2010.12,No
CUST00387,Female,1,3,No,DSL,80.74,238.23,No
CUST00388,Female,0,16,Yes,DSL,48.23,625.25,No
CUST00389,Male,0,14,No,Fiber optic,45.71,616.77,Yes
CUST00390,Male,0,45,Yes,DSL,56.32,2100.36,No
CUST00391,Female,0,46,Yes,Fiber optic,55.38,2479.75,No
CUST00392,Male,0,53,No,No,86.21,4800.03,No
CUST00393,Male,0,15,No,Fiber optic,20.38,235.25,No
CUST00394,Female,0,23,No,DSL,37.64,827.21,No
CUST00395,Female,0,3,Yes,Fiber optic,75.39,209.55,Yes
CUST00396,Male,0,44,Yes,DSL,37.89,1253.96,No
CUST00397,Female,0,12,Yes,DSL,49.43,631.63,No
CUST00398,Male,0,9,No,Fiber optic,89.29,838.39,Yes
CUST00399,Male,1,1,Yes,DSL,75.12,72.14,No
CUST00400,Male,1,37,No,No,35.44,,No
CUST00401,Female,0,23,No,DSL,40.58,741.64,No
CUST00402,Female,0,9,No,Fiber optic,82.12,661.05,Yes
CUST00403,Female,1,32,No,DSL,54.31,1993.44,No
CUST00404,Male,0,7,No,Fiber optic,81.13,565.2,Yes
CUST00405,Male,0,47,No,Fiber optic,34.52,1634.65,No
CUST00406,Female,0,8,No,Fiber optic,103.77,821.61,Yes
CUST00407,Female,0,48,No,Fiber optic,97.72,4792.9,Yes
CUST00408,Male,0,28,Yes,No,74.03,1903.78,No
CUST00409,Male,0,56,Yes,DSL,56.87,2787.4,No
CUST00410,Female,0,24,No,DSL,91.61,2153.14,No
CUST00411,Female,0,52,No,Fiber optic,68.23,3456.06,Yes
CUST00412,Female,1,0,No,Fiber optic,62.9,,Yes
CUST00413,Male,0,12,Yes,DSL,34.47,420.48,No
CUST00414,Male,0,54,No,DSL,29.6,1676.17,No
CUST00415,Male,0,47,No,Fiber optic,48.93,2598.9,No
CUST00416,Female,1,50,Yes,DSL,34.89,1582.2,Yes
CUST00417,Male,0,15,No,DSL,74.1,1171.98,No
CUST00418,Female,0,15,Yes,DSL,66.73,946.52,No
CUST00419,Male,0,23,Yes,No,21.39,555.86,No
CUST00420,Female,0,4,No,No,65.48,298.91,No
CUST00421,Male,1,11,No,Fiber optic,69.05,729.78,Yes
CUST00422,Female,0,72,Yes,Fiber optic,71.7,5827.17,No
CUST00423,Male,1,44,Yes,DSL,90.1,3781.67,No
CUST00424,Female,0,2,No,Fiber optic,81.07,169.05,Yes
CUST00425,Female,1,70,No,DSL,27.54,2434.9,No
CUST00426,Male,0,57,No,DSL,98.66,5639.4,No
CUST00427,Male,0,32,Yes,Fiber optic,66.29,,No
CUST00428,Female,0,11,No,DSL,90.69,932.3,Yes
CUST00429,Female,0,52,No,DSL,42.65,1701.76,No
CUST00430,Female,0,29,Yes,DSL,66.73,1727.06,No
CUST00431,Male,0,8,No,No,77.38,643.5,No
CUST00432,Male,0,50,Yes,DSL,76.82,3791.59,No
CUST00433,Female,1,13,Yes,DSL,36.05,568.13,No
CUST00434,Male,1,12,No,DSL,84.58,1001.88,No
CUST00435,Female,0,64,No,DSL,86.32,6029.71,No
CUST00436,Female,0,4,Yes,DSL,78.97,,No
CUST00437,Female,0,22,Yes,DSL,44.65,1161.3,No
CUST00438,Male,0,52,Yes,No,68.33,3538.13,No
CUST00439,Male,0,57,No,Fiber optic,91.34,5577.68,Yes
CUST00440,Female,0,3,No,DSL,106.23,328.54,Yes
CUST00441,Male,1,37,Yes,No,23.66,889.23,Yes
CUST00442,Male,1,61,No,DSL,85.07,4609.37,No
CUST00443,Male,0,11,Yes,No,96.76,1141.64,No
CUST00444,Female,0,23,No,DSL,37.93,1023.29,No
CUST00445,Male,0,65,Yes,Fiber optic,53.96,3276.17,No
CUST00446,Male,0,3,Yes,Fiber optic,107.07,295.28,No
CUST00447,Male,0,0,No,No,96.4,,Yes
CUST00448,Male,0,5,Yes,No,90.06,493.01,No
CUST00449,Male,1,57,Yes,DSL,27.62,1788.25,No
CUST00450,Female,0,14,No,Fiber optic,86.57,1329.7,Yes
CUST00451,Male,0,5,Yes,Fiber optic,64.1,292.64,No
CUST00452,Female,0,7,Yes,DSL,73.43,476.64,No
CUST00453,Female,0,5,No,DSL,92.35,419.53,Yes
CUST00454,Female,0,21,No,DSL,36.65,815.38,No
CUST00455,Female,0,8,Yes,Fiber optic,82.1,648.07,Yes
CUST00456,Female,0,12,No,Fiber optic,82.09,909.77,Yes
CUST00457,Female,0,4,Yes,Fiber optic,63.85,290.85,No
CUST00458,Female,0,14,Yes,No,23.46,,No
CUST00459,Male,0,62,Yes,DSL,35.96,2492.0,No
CUST00460,Male,1,26,Yes,No,66.7,1598.73,Yes
CUST00461,Male,0,5,No,DSL,94.2,518.47,Yes
CUST00462,Female,0,8,No,DSL,83.82,,No
CUST00463,Female,0,52,No,No,89.49,4666.76,No
CUST00464,Male,0,37,No,No,45.21,1533.12,No
CUST00465,Male,0,12,No,No,50.65,710.67,No
CUST00466,Male,0,46,No,DSL,26.59,769.6,No
CUST00467,Male,0,4,No,DSL,76.57,314.93,No
CUST00468,Male,1,67,Yes,DSL,80.27,4816.11,No
CUST00469,Female,0,16,No,No,21.79,264.4,No
CUST00470,Male,0,49,No,No,96.58,5051.02,No
CUST00471,Female,0,59,No,Fiber optic,21.84,803.27,Yes
CUST00472,Male,0,47,Yes,DSL,44.96,2209.07,No
CUST00473,Female,1,56,No,No,43.29,2095.35,No
CUST00474,Male,0,26,Yes,No,49.9,1168.12,No
CUST00475,Male,0,9,Yes,No,69.07,641.32,No
CUST00476,Male,0,5,No,DSL,84.1,429.67,Yes
CUST00477,Male,0,6,No,Fiber optic,103.33,602.38,Yes
CUST00478,Male,0,16,Yes,Fiber optic,20.19,171.69,No
CUST00479,Male,1,26,No,DSL,89.91,2439.95,No
CUST00480,Male,0,71,Yes,No,75.77,5301.39,No
CUST00481,Male,1,39,No,DSL,60.49,2645.9,No
CUST00482,Female,0,8,No,Fiber optic,63.03,426.25,No
CUST00483,Female,1,34,Yes,Fiber optic,88.22,2768.49,Yes
CUST00484,Female,0,12,Yes,DSL,92.35,,No
CUST00485,Male,0,56,No,Fiber optic,56.04,3685.37,No
CUST00486,Male,0,47,No,No,49.38,1933.03,No
CUST00487,Male,0,38,Yes,Fiber optic,64.43,2470.44,No
CUST00488,Male,0,59,No,Fiber optic,91.86,5176.63,No
CUST00489,Male,0,39,Yes,Fiber optic,32.85,1298.44,No
CUST00490,Female,1,21,Yes,Fiber optic,49.27,1009.26,No
CUST00491,Male,0,7,No,DSL,61.79,367.79,No
CUST00492,Male,0,12,Yes,DSL,72.95,758.07,No
CUST00493,Female,0,12,Yes,Fiber optic,35.23,328.93,No
CUST00494,Male,0,71,No,No,74.39,4598.79,No
CUST00495,Female,0,0,Yes,Fiber optic,80.65,,No
CUST00496,Male,0,65,Yes,DSL,99.33,7061.75,No
CUST00497,Female,0,9,No,Fiber optic,102.55,924.9,Yes
CUST00498,Male,0,68,No,DSL,23.2,1066.52,No
CUST00499,Female,0,51,Yes,No,34.25,1582.22,No
CUST00500,Female,0,7,Yes,DSL,71.94,570.69,No
CUST00501,Male,0,67,Yes,DSL,24.56,2155.18,No
CUST00502,Male,0,28,Yes,Fiber optic,40.78,916.26,No
CUST00503,Female,0,10,No,Fiber optic,66.45,757.08,No
CUST00504,Female,1,27,Yes,No,44.32,1025.73,No
CUST00505,Male,0,70,No,Fiber optic,63.84,4786.79,No
CUST00506,Male,0,6,No,Fiber optic,105.29,632.86,Yes
CUST00507,Male,0,20,No,DSL,32.26,515.2,No
CUST00508,Male,0,59,Yes,DSL,93.26,5809.18,No
CUST00509,Male,1,39,Yes,DSL,43.55,1580.37,Yes
CUST00510,Female,0,38,No,Fiber optic,73.52,3147.81,No
CUST00511,Female,0,53,No,Fiber optic,95.4,5028.34,No
CUST00512,Male,0,39,Yes,DSL,96.02,3979.31,No
CUST00513,Male,0,40,No,No,86.53,3660.4,No
CUST00514,Male,1,28,No,DSL,24.06,615.29,No
CUST00515,Female,1,71,No,DSL,37.44,2892.56,No
CUST00516,Female,0,22,Yes,No,23.4,586.06,No
CUST00517,Female,0,53,No,Fiber optic,22.21,1520.11,No
CUST00518,Female,1,66,Yes,DSL,89.34,5622.96,No
CUST00519,Male,0,5,Yes,Fiber optic,87.22,421.78,Yes
CUST00520,Male,0,27,No,Fiber optic,82.63,,No
CUST00521,Male,0,3,No,DSL,74.25,194.15,Yes
CUST00522,Female,0,68,No,No,46.91,3585.19,No
CUST00523,Female,0,4,No,Fiber optic,93.38,363.29,Yes
CUST00524,Male,1,8,No,DSL,109.08,908.27,Yes
CUST00525,Female,0,10,Yes,Fiber optic,107.54,1121.35,Yes
CUST00526,Male,1,67,Yes,No,96.26,7064.84,No
CUST00527,Male,0,1,Yes,No,70.16,64.87,Yes
CUST00528,Female,0,71,No,DSL,43.44,3325.29,No
CUST00529,Female,0,46,No,No,54.47,2522.34,No
CUST00530,Female,0,61,Yes,DSL,97.82,5463.74,No
CUST00531,Female,0,57,No,No,61.02,3103.36,No
CUST00532,Female,0,7,Yes,Fiber optic,70.07,528.36,No
CUST00533,Female,0,69,No,Fiber optic,84.56,6262.55,No
CUST00534,Male,0,34,No,DSL,27.68,993.82,No
CUST00535,Male,0,11,No,Fiber optic,102.07,1046.12,No
CUST00536,Male,0,8,No,Fiber optic,73.23,555.52,No
CUST00537,Male,0,39,No,No,74.22,3022.92,No
CUST00538,Male,0,19,No,Fiber optic,91.93,1681.99,Yes
CUST00539,Male,0,21,No,DSL,52.02,917.36,No
CUST00540,Female,0,51,Yes,DSL,87.63,4890.55,No
CUST00541,Male,1,7,No,DSL,101.81,719.49,Yes
CUST00542,Male,0,49,Yes,Fiber optic,91.3,4002.12,Yes
CUST00543,Male,0,70,No,DSL,35.52,2820.12,No
CUST00544,Female,0,12,No,DSL,38.75,421.37,No
CUST00545,Male,0,0,No,Fiber optic,91.53,,No
CUST00546,Female,0,11,No,DSL,69.45,777.2,No
CUST00547,Female,0,18,Yes,DSL,90.99,1797.14,No
CUST00548,Male,1,66,Yes,No,86.46,5653.95,No
CUST00549,Male,1,7,No,Fiber optic,79.7,504.51,Yes
CUST00550,Female,1,2,Yes,DSL,73.93,131.46,No
CUST00551,Female,0,57,Yes,Fiber optic,71.53,3705.28,No
CUST00552,Male,0,69,No,Fiber optic,64.05,4074.23,Yes
CUST00553,Male,1,72,No,No,93.18,6234.56,No
CUST00554,Male,0,63,No,DSL,76.36,4908.03,No
CUST00555,Male,0,10,No,Fiber optic,76.73,721.77,Yes
CUST00556,Male,0,10,No,DSL,98.15,986.75,Yes
CUST00557,Female,0,35,Yes,No,26.53,692.41,No
CUST00558,Male,0,9,No,No,85.4,739.79,No
CUST00559,Female,0,32,Yes,Fiber optic,45.69,1624.11,No
CUST00560,Female,0,67,No,No,63.87,3813.11,No
CUST00561,Female,0,11,Yes,Fiber optic,87.1,1050.22,Yes
CUST00562,Male,0,5,No,DSL,72.78,352.32,No
CUST00563,Male,0,42,Yes,Fiber optic,35.9,1841.57,Yes
CUST00564,Female,0,6,Yes,DSL,83.43,542.59,Yes
CUST00565,Female,0,22,Yes,DSL,83.78,1984.25,No
CUST00566,Female,1,55,No,No,29.44,1810.46,No
CUST00567,Male,0,9,No,No,64.88,519.97,No
CUST00568,Male,0,25,Yes,DSL,39.48,875.45,No
CUST00569,Male,1,0,No,DSL,97.03,,Yes
CUST00570,Female,0,4,Yes,DSL,80.1,316.16,Yes
CUST00571,Male,0,5,No,DSL,91.4,503.0,Yes
CUST00572,Female,1,4,No,DSL,85.02,317.64,Yes
CUST00573,Male,0,37,Yes,No,48.3,1478.35,No
CUST00574,Female,0,23,Yes,DSL,89.15,2232.38,No
CUST00575,Male,0,28,No,DSL,29.72,947.95,No
CUST00576,Female,1,29,No,DSL,43.9,1234.75,No
CUST00577,Male,1,10,No,DSL,106.36,1120.51,Yes
CUST00578,Male,1,1,Yes,No,62.3,69.8,No
CUST00579,Female,0,3,Yes,Fiber optic,96.54,284.6,Yes
CUST00580,Female,0,25,Yes,DSL,90.49,2222.64,No
CUST00581,Female,0,9,No,Fiber optic,88.74,725.89,No
CUST00582,Female,0,11,No,Fiber optic,87.14,997.46,No
CUST00583,Male,0,24,Yes,DSL,40.07,940.29,No
CUST00584,Female,0,7,No,DSL,71.94,469.1,Yes
CUST00585,Male,0,19,No,No,40.24,577.65,No
CUST00586,Male,1,29,No,Fiber optic,40.37,1373.75,No
CUST00587,Male,1,9,Yes,DSL,77.92,745.05,No
CUST00588,Female,0,7,Yes,DSL,68.93,415.91,No
CUST00589,Female,1,57,No,Fiber optic,61.32,3025.7,No
CUST00590,Male,1,7,Yes,Fiber optic,107.15,772.05,No
CUST00591,Female,0,3,No,Fiber optic,98.2,323.23,Yes
CUST00592,Male,0,2,No,No,61.46,129.7,No
CUST00593,Female,0,64,No,DSL,58.97,4106.91,No
CUST00594,Male,0,2,No,Fiber optic,103.07,186.79,Yes
CUST00595,Female,1,72,No,No,42.94,3651.38,No
CUST00596,Male,0,55,Yes,DSL,46.66,2522.44,No
CUST00597,Male,1,11,No,DSL,71.48,692.18,No
CUST00598,Male,1,1,No,Fiber optic,88.83,97.72,Yes
CUST00599,Female,0,21,Yes,Fiber optic,65.29,1252.13,Yes
CUST00600,Male,0,1,No,Fiber optic,63.09,66.82,No
CUST00601,Male,0,8,Yes,DSL,79.16,615.91,Yes
CUST00602,Male,0,1,Yes,DSL,74.01,70.47,No
CUST00603,Male,0,44,No,No,87.11,4126.7,No
CUST00604,Male,0,4,No,DSL,65.7,229.01,No
CUST00605,Male,0,53,No,DSL,55.73,3277.22,No
CUST00606,Female,0,11,Yes,Fiber optic,82.07,,No
CUST00607,Female,1,11,No,No,81.41,938.88,No
CUST00608,Male,0,1,No,DSL,101.18,91.18,Yes
CUST00609,Male,0,55,Yes,Fiber optic,85.55,4489.28,Yes
CUST00610,Male,0,6,No,Fiber optic,80.53,494.22,Yes
CUST00611,Male,0,12,Yes,No,76.88,1009.8,No
CUST00612,Female,1,48,Yes,Fiber optic,50.13,2016.68,No
CUST00613,Female,0,1,No,No,73.23,73.1,Yes
CUST00614,Female,0,3,Yes,DSL,61.88,173.42,No
CUST00615,Female,1,57,Yes,DSL,69.37,3643.31,Yes
CUST00616,Female,0,0,Yes,No,100.78,,Yes
CUST00617,Male,1,60,Yes,Fiber optic,32.92,2226.69,No
CUST00618,Male,0,0,No,DSL,75.94,,No
CUST00619,Female,0,34,No,DSL,71.96,,No
CUST00620,Female,0,1,Yes,Fiber optic,77.34,72.84,Yes
CUST00621,Male,0,11,Yes,No,103.08,1235.02,Yes
CUST00622,Female,0,69,No,Fiber optic,87.93,5539.97,No
CUST00623,Male,0,43,Yes,No,70.97,3465.87,No
CUST00624,Male,0,37,No,DSL,70.05,2941.45,No
CUST00625,Female,0,5,Yes,No,82.7,425.34,Yes
CUST00626,Male,0,10,No,Fiber optic,66.6,596.3,No
CUST00627,Female,0,60,Yes,Fiber optic,51.35,2952.06,No
CUST00628,Female,0,70,Yes,Fiber optic,45.5,2688.87,No
CUST00629,Female,0,37,Yes,DSL,84.78,3330.6,No
CUST00630,Male,0,54,No,No,95.08,4613.63,No
CUST00631,Female,1,12,No,No,41.76,530.69,Yes
CUST00632,Male,0,60,Yes,No,24.16,1921.47,No
CUST00633,Female,0,3,No,Fiber optic,95.22,268.76,Yes
CUST00634,Female,0,2,No,DSL,99.86,,Yes
CUST00635,Male,0,10,Yes,Fiber optic,70.69,725.02,Yes
CUST00636,Female,0,50,Yes,DSL,91.7,4854.48,No
CUST00637,Female,0,7,Yes,Fiber optic,85.13,561.19,Yes
CUST00638,Female,0,66,Yes,DSL,85.21,5378.2,No
CUST00639,Female,0,53,No,No,38.75,2075.58,No
CUST00640,Male,0,29,No,DSL,91.32,2696.03,No
CUST00641,Female,1,43,Yes,DSL,76.0,3581.17,No
CUST00642,Male,0,9,No,No,81.18,735.4,Yes
CUST00643,Female,0,63,No,No,44.8,2613.85,No
CUST00644,Male,0,5,No,Fiber optic,76.14,335.94,No
CUST00645,Female,0,38,No,DSL,23.37,615.56,No
CUST00646,Male,0,50,No,No,89.52,4068.72,No
CUST00647,Female,1,12,Yes,No,60.67,625.53,No
CUST00648,Female,0,0,No,No,77.08,,Yes
CUST00649,Female,0,17,Yes,Fiber optic,41.14,679.27,No
CUST00650,Male,0,12,Yes,DSL,99.96,1206.37,No
CUST00651,Female,1,49,Yes,No,23.25,1186.46,No
CUST00652,Male,1,28,Yes,DSL,82.08,2496.97,Yes
CUST00653,Female,0,12,No,DSL,77.4,841.11,No
CUST00654,Female,0,52,Yes,DSL,41.53,2533.03,No
CUST00655,Female,0,10,No,DSL,78.61,860.52,No
CUST00656,Female,1,59,No,Fiber optic,45.04,2335.87,Yes
CUST00657,Female,0,2,No,DSL,107.25,209.77,Yes
CUST00658,Male,0,12,No,DSL,74.8,802.93,No
CUST00659,Male,0,21,No,No,28.24,518.11,No
CUST00660,Female,0,13,No,DSL,23.95,328.88,No
CUST00661,Male,0,26,No,No,77.95,2051.14,No
CUST00662,Female,0,20,No,Fiber optic,46.28,,No
CUST00663,Male,0,3,Yes,DSL,68.91,226.99,No
CUST00664,Female,1,32,No,DSL,40.11,1055.19,No
CUST00665,Female,0,20,No,No,59.8,1352.65,No
CUST00666,Male,0,44,Yes,DSL,75.48,3394.77,No
CUST00667,Male,0,4,No,Fiber optic,100.32,409.48,Yes
CUST00668,Female,0,56,No,DSL,31.79,2120.22,No
CUST00669,Female,0,1,No,DSL,69.21,63.74,No
CUST00670,Male,0,7,Yes,DSL,92.3,623.31,No
CUST00671,Male,0,58,No,Fiber optic,55.65,2675.39,No
CUST00672,Female,0,42,No,DSL,43.53,1529.16,No
CUST00673,Female,0,3,No,No,98.16,286.95,Yes
CUST00674,Female,0,6,Yes,Fiber optic,100.29,655.68,Yes
CUST00675,Female,0,7,No,Fiber optic,90.57,614.08,Yes
CUST00676,Male,0,49,Yes,Fiber optic,41.89,2349.96,No
CUST00677,Female,0,2,No,DSL,97.35,177.04,Yes
CUST00678,Female,1,9,Yes,DSL,60.76,505.81,No
CUST00679,Male,0,11,No,Fiber optic,93.76,940.42,No
CUST00680,Female,1,56,Yes,Fiber optic,80.42,4387.59,No
CUST00681,Female,1,5,No,Fiber optic,74.38,391.34,Yes
CUST00682,Male,0,63,No,DSL,47.18,3063.14,No
CUST00683,Female,0,9,No,DSL,96.1,848.83,No
CUST00684,Male,0,32,Yes,Fiber optic,95.04,3333.77,No
CUST00685,Female,0,50,No,No,93.23,4941.59,No
CUST00686,Male,0,37,Yes,DSL,96.73,3622.01,No
CUST00687,Female,0,22,Yes,No,44.4,818.93,No
CUST00688,Female,0,58,No,Fiber optic,54.77,2740.05,No
CUST00689,Female,0,54,No,Fiber optic,20.97,1248.89,No
CUST00690,Male,1,68,Yes,DSL,78.78,5503.82,No
CUST00691,Female,0,0,Yes,Fiber optic,83.81,,No
CUST00692,Female,0,1,No,DSL,101.1,108.79,Yes
CUST00693,Male,0,13,No,DSL,99.79,1362.51,No
CUST00694,Female,0,34,Yes,DSL,34.03,1429.97,No
CUST00695,Male,0,47,Yes,DSL,29.27,1824.33,No
CUST00696,Female,0,47,No,DSL,54.03,2352.06,No
CUST00697,Female,0,8,No,Fiber optic,92.45,722.31,Yes
CUST00698,Female,0,28,Yes,No,36.35,826.84,No
CUST00699,Male,0,12,No,Fiber optic,57.33,687.07,Yes
CUST00700,Male,1,44,Yes,No,42.52,,No
CUST00701,Female,0,30,No,DSL,56.04,1576.89,No
CUST00702,Female,0,42,No,Fiber optic,80.7,3438.76,Yes
CUST00703,Female,0,1,No,Fiber optic,90.33,88.69,No
CUST00704,Male,0,46,No,No,85.76,,No
CUST00705,Male,0,5,Yes,No,97.64,537.3,No
CUST00706,Male,0,65,No,Fiber optic,23.77,999.82,No
CUST00707,Male,1,50,Yes,Fiber optic,86.48,,No
CUST00708,Male,0,7,Yes,DSL,87.47,559.6,No
CUST00709,Female,0,67,Yes,DSL,80.79,5217.35,No
CUST00710,Female,1,20,No,Fiber optic,41.21,848.76,Yes
CUST00711,Female,1,71,Yes,DSL,35.25,3192.5,Yes
CUST00712,Male,0,8,Yes,No,67.96,513.54,No
CUST00713,Female,0,72,No,DSL,59.49,4879.28,No
CUST00714,Female,0,8,No,Fiber optic,79.67,655.37,Yes
CUST00715,Male,1,34,Yes,Fiber optic,87.41,,Yes
CUST00716,Female,0,30,No,Fiber optic,99.41,3005.1,Yes
CUST00717,Male,1,6,No,Fiber optic,104.55,616.74,No
CUST00718,Female,0,61,Yes,Fiber optic,94.78,,No
CUST00719,Female,0,31,Yes,DSL,85.14,2418.35,No
CUST00720,Female,0,7,No,DSL,60.46,,No
CUST00721,Female,1,35,Yes,Fiber optic,92.11,3245.36,No
CUST00722,Female,0,14,Yes,DSL,30.03,535.29,No
CUST00723,Male,0,18,No,DSL,46.09,771.83,No
CUST00724,Female,1,50,Yes,No,60.2,2574.72,Yes
CUST00725,Male,0,4,No,No,87.34,332.97,No
CUST00726,Female,0,13,Yes,No,90.97,1114.22,No
CUST00727,Male,1,1,Yes,Fiber optic,74.33,82.76,No
CUST00728,Female,0,5,Yes,DSL,81.14,410.47,Yes
CUST00729,Male,1,25,No,Fiber optic,72.25,1671.38,No
CUST00730,Male,0,45,Yes,DSL,41.75,1836.44,No
CUST00731,Male,0,1,No,No,103.73,,No
CUST00732,Male,0,18,Yes,DSL,72.08,1389.25,No
CUST00733,Female,1,42,No,Fiber optic,54.06,2445.32,Yes
CUST00734,Male,0,33,Yes,DSL,73.53,2300.25,No
CUST00735,Male,0,9,No,DSL,74.81,743.28,Yes
CUST00736,Female,1,62,No,DSL,78.94,4755.64,No
CUST00737,Female,0,9,Yes,DSL,96.03,807.96,No
CUST00738,Male,0,63,Yes,Fiber optic,21.8,1551.01,No
CUST00739,Male,1,34,Yes,DSL,61.85,1773.0,No
CUST00740,Female,0,28,No,Fiber optic,79.0,2255.35,No
CUST00741,Female,0,39,Yes,DSL,61.43,2423.66,No
CUST00742,Female,0,0,No,DSL,73.76,,Yes
CUST00743,Female,0,58,Yes,DSL,30.48,2071.32,No
CUST00744,Female,1,0,Yes,Fiber optic,102.57,,No
CUST00745,Male,0,2,Yes,DSL,64.49,143.62,No
CUST00746,Female,0,7,No,Fiber optic,74.47,472.77,Yes
CUST00747,Female,0,21,No,DSL,71.14,1489.36,No
CUST00748,Female,0,12,Yes,Fiber optic,27.78,360.55,No
CUST00749,Male,0,38,Yes,DSL,56.85,2379.19,No
CUST00750,Male,1,3,Yes,No,65.58,203.16,No
CUST00751,Male,0,5,No,Fiber optic,65.78,283.95,Yes
CUST00752,Female,0,45,No,DSL,25.02,685.2,No
CUST00753,Male,1,18,No,Fiber optic,71.14,1318.42,No
CUST00754,Female,0,26,No,No,27.21,759.4,No
CUST00755,Female,1,31,No,DSL,52.72,1534.17,No
CUST00756,Female,0,34,No,DSL,96.2,3318.9,No
CUST00757,Male,0,24,Yes,Fiber optic,45.3,1032.23,Yes
CUST00758,Male,0,19,No,No,75.73,1481.8,No
CUST00759,Male,0,26,Yes,Fiber optic,65.35,1728.4,No
CUST00760,Male,0,7,Yes,Fiber optic,65.4,394.73,No
CUST00761,Male,0,0,No,DSL,107.22,,Yes
CUST00762,Female,0,30,No,DSL,22.3,,No
CUST00763,Male,0,2,Yes,No,77.95,,No
CUST00764,Male,0,14,No,Fiber optic,42.49,658.15,Yes
CUST00765,Female,0,2,Yes,Fiber optic,67.24,126.89,Yes
CUST00766,Female,0,56,No,Fiber optic,65.4,3123.28,No
CUST00767,Male,1,48,No,DSL,40.94,1657.64,No
CUST00768,Male,0,1,Yes,Fiber optic,66.7,,No
CUST00769,Female,0,8,Yes,No,94.15,799.04,Yes
CUST00770,Female,0,36,No,Fiber optic,91.37,3229.72,Yes
CUST00771,Male,1,27,Yes,Fiber optic,74.65,2107.5,Yes
CUST00772,Female,0,0,Yes,Fiber optic,60.74,,No
CUST00773,Female,1,64,No,DSL,67.89,4595.5,No
CUST00774,Female,0,46,No,Fiber optic,81.14,4158.18,No
CUST00775,Female,1,21,Yes,Fiber optic,93.56,1872.69,Yes
CUST00776,Female,1,3,Yes,DSL,75.66,240.74,Yes
CUST00777,Male,0,3,No,Fiber optic,81.4,220.7,Yes
CUST00778,Female,0,56,Yes,Fiber optic,52.75,2692.85,No
CUST00779,Female,0,15,No,DSL,72.37,1039.97,No
CUST00780,Female,0,53,Yes,DSL,78.49,3835.71,No
CUST00781,Female,0,56,No,DSL,57.88,3085.32,No
CUST00782,Male,0,72,Yes,Fiber optic,30.75,1831.03,Yes
CUST00783,Female,0,10,Yes,Fiber optic,106.24,1137.97,No
CUST00784,Male,0,66,No,DSL,99.07,6383.75,No
CUST00785,Male,0,5,No,DSL,95.74,507.51,Yes
CUST00786,Male,1,69,Yes,Fiber optic,55.34,4489.38,Yes
CUST00787,Male,0,0,Yes,DSL,65.05,,No
CUST00788,Female,1,6,Yes,No,85.7,531.52,Yes
CUST00789,Female,0,22,Yes,Fiber optic,78.01,1505.51,No
CUST00790,Female,0,2,Yes,Fiber optic,91.7,167.59,No
CUST00791,Female,1,57,No,Fiber optic,39.06,2465.57,No
CUST00792,Female,0,11,Yes,DSL,101.09,1074.7,Yes
CUST00793,Male,0,31,No,DSL,23.73,597.81,No
CUST00794,Male,1,59,Yes,Fiber optic,39.3,2046.71,No
CUST00795,Male,0,28,Yes,Fiber optic,76.56,2107.69,Yes
CUST00796,Female,0,9,No,No,106.51,876.94,No
CUST00797,Female,1,69,No,Fiber optic,32.64,1707.63,No
CUST00798,Male,0,5,Yes,Fiber optic,89.49,465.05,Yes
CUST00799,Male,1,28,Yes,No,46.3,1366.97,No
CUST00800,Female,0,40,No,Fiber optic,54.99,2185.97,No
CUST00801,Male,1,50,Yes,DSL,74.73,3812.26,No
CUST00802,Female,0,49,Yes,Fiber optic,31.89,1681.48,No
CUST00803,Male,0,36,No,Fiber optic,68.07,2282.75,Yes
CUST00804,Male,0,32,No,DSL,73.09,2143.17,No
CUST00805,Female,0,49,Yes,Fiber optic,44.5,2622.43,No
CUST00806,Male,0,11,No,Fiber optic,97.48,1051.96,Yes
CUST00807,Male,1,42,Yes,No,26.19,917.46,Yes
CUST00808,Male,0,40,No,DSL,70.37,2605.09,No
CUST00809,Male,0,71,Yes,No,61.76,3750.66,No
CUST00810,Male,0,8,No,Fiber optic,89.69,744.37,Yes
CUST00811,Female,1,63,No,DSL,95.04,6258.37,No
CUST00812,Male,1,58,No,No,27.16,1335.81,Yes
CUST00813,Female,0,27,No,Fiber optic,92.18,2540.29,No
CUST00814,Female,0,68,No,Fiber optic,48.85,3468.57,Yes
CUST00815,Female,1,3,No,No,86.2,237.65,Yes
CUST00816,Male,0,55,Yes,DSL,84.22,4693.24,No
CUST00817,Male,0,9,No,Fiber optic,87.15,700.83,Yes
CUST00818,Female,0,40,No,DSL,28.81,1040.22,No
CUST00819,Male,0,45,No,No,39.16,2176.9,No
CUST00820,Male,0,10,No,DSL,73.05,824.85,No
CUST00821,Female,0,13,No,Fiber optic,71.72,967.72,No
CUST00822,Female,0,6,No,No,63.03,375.39,No
CUST00823,Female,0,19,Yes,Fiber optic,33.29,677.58,Yes
CUST00824,Male,0,44,Yes,No,54.82,2008.88,No
CUST00825,Male,0,6,No,Fiber optic,71.75,386.69,No
CUST00826,Female,1,2,Yes,DSL,93.93,190.32,No
CUST00827,Female,0,44,Yes,No,21.85,1034.92,No
CUST00828,Male,1,4,No,DSL,84.03,351.13,No
CUST00829,Male,0,31,No,DSL,90.58,2767.09,No
CUST00830,Male,0,10,Yes,Fiber optic,95.89,952.33,Yes
CUST00831,Female,0,40,Yes,DSL,73.44,2570.68,No
CUST00832,Male,0,22,No,DSL,97.68,2303.1,No
CUST00833,Male,0,72,Yes,Fiber optic,20.56,1570.62,Yes
CUST00834,Female,1,19,No,DSL,81.31,1427.98,No
CUST00835,Male,0,2,No,Fiber optic,76.89,140.08,No
CUST00836,Female,0,48,No,Fiber optic,35.8,1689.77,No
CUST00837,Female,0,9,Yes,DSL,65.12,645.61,No
CUST00838,Female,0,49,Yes,Fiber optic,20.58,1271.71,No
CUST00839,Male,0,32,No,DSL,30.29,1162.6,No
CUST00840,Female,0,0,No,Fiber optic,94.32,,Yes
CUST00841,Female,1,64,Yes,DSL,63.8,3502.88,Yes
CUST00842,Female,0,14,Yes,Fiber optic,34.31,480.19,No
CUST00843,Female,0,8,Yes,DSL,102.48,823.7,No
CUST00844,Male,0,11,Yes,DSL,63.9,798.97,No
CUST00845,Female,0,24,Yes,DSL,89.93,2334.61,No
CUST00846,Female,0,21,No,No,74.72,1431.78,No
CUST00847,Female,0,4,Yes,Fiber optic,91.25,404.43,No
CUST00848,Male,0,55,No,Fiber optic,59.56,3423.66,No
CUST00849,Male,1,12,Yes,Fiber optic,90.7,993.06,No
CUST00850,Female,0,70,Yes,DSL,50.19,3396.96,No
CUST00851,Male,1,17,Yes,No,58.93,970.19,No
CUST00852,Female,0,60,Yes,DSL,48.51,3190.76,No
CUST00853,Male,0,35,No,No,58.67,1851.88,No
CUST00854,Female,0,41,Yes,No,53.59,2491.74,No
CUST00855,Female,1,9,No,DSL,78.32,633.63,No
CUST00856,Male,0,49,No,DSL,25.81,1350.97,No
CUST00857,Female,0,10,No,Fiber optic,68.2,628.87,No
CUST00858,Female,0,55,Yes,Fiber optic,86.99,5191.39,No
CUST00859,Female,0,45,No,Fiber optic,82.91,3393.32,Yes
CUST00860,Male,0,50,Yes,Fiber optic,36.4,1566.91,No
CUST00861,Male,0,48,No,Fiber optic,73.76,3973.26,Yes
CUST00862,Female,0,10,Yes,Fiber optic,90.88,809.03,No
CUST00863,Female,0,59,Yes,Fiber optic,48.47,2800.25,Yes
CUST00864,Male,1,11,Yes,Fiber optic,90.49,1039.45,No
CUST00865,Male,0,17,No,Fiber optic,39.1,565.65,No
CUST00866,Male,0,72,No,DSL,92.7,,No
CUST00867,Male,0,8,No,Fiber optic,60.18,419.17,No
CUST00868,Female,0,4,Yes,Fiber optic,101.48,433.4,No
CUST00869,Female,0,14,Yes,DSL,55.83,821.91,No
CUST00870,Female,0,0,Yes,DSL,68.3,,No
CUST00871,Male,1,8,Yes,No,107.53,917.08,No
CUST00872,Male,0,9,No,No,71.84,606.48,Yes
CUST00873,Female,0,12,Yes,Fiber optic,80.56,,No
CUST00874,Female,0,1,No,DSL,70.74,62.57,No
CUST00875,Male,1,48,No,DSL,24.06,1066.06,No
CUST00876,Male,0,66,No,No,54.91,4090.82,No
CUST00877,Female,0,51,Yes,No,94.79,5162.63,No
CUST00878,Female,1,26,Yes,Fiber optic,81.18,2212.31,No
CUST00879,Male,0,9,Yes,DSL,92.11,,Yes
CUST00880,Female,0,46,Yes,No,98.61,4242.98,No
CUST00881,Male,0,49,Yes,DSL,62.12,3373.97,No
CUST00882,Male,1,1,No,DSL,96.5,96.9,Yes
CUST00883,Male,0,15,No,Fiber optic,92.39,1383.42,Yes
CUST00884,Female,0,21,Yes,No,56.47,1221.04,No
CUST00885,Female,0,3,Yes,Fiber optic,101.24,324.23,Yes
CUST00886,Female,0,42,No,DSL,36.83,1207.76,No
CUST00887,Male,0,57,Yes,Fiber optic,35.71,2014.82,Yes
CUST00888,Male,0,0,Yes,Fiber optic,92.07,,Yes
CUST00889,Male,0,41,No,DSL,35.35,1187.94,No
CUST00890,Female,1,64,Yes,Fiber optic,98.19,5997.64,Yes
CUST00891,Female,0,0,Yes,Fiber optic,106.36,,Yes
CUST00892,Female,0,31,No,Fiber optic,51.57,1672.53,No
CUST00893,Female,0,25,Yes,Fiber optic,91.65,2126.85,Yes
CUST00894,Male,0,21,No,DSL,35.83,790.13,No
CUST00895,Male,0,7,Yes,Fiber optic,70.5,437.66,Yes
CUST00896,Female,0,5,Yes,Fiber optic,82.57,369.32,Yes
CUST00897,Female,0,0,No,DSL,80.51,,No
CUST00898,Female,0,67,Yes,No,37.94,3167.24,No
CUST00899,Male,0,9,Yes,Fiber optic,88.48,872.18,Yes
CUST00900,Female,0,19,Yes,Fiber optic,26.58,518.27,No
CUST00901,Male,0,54,Yes,DSL,41.6,2494.4,No
CUST00902,Female,0,3,Yes,DSL,92.8,269.13,No
CUST00903,Female,0,67,Yes,No,94.3,6150.3,No
CUST00904,Female,0,5,Yes,DSL,90.96,422.35,Yes
CUST00905,Female,1,40,No,Fiber optic,45.16,1866.19,No
CUST00906,Female,0,6,Yes,DSL,94.29,607.91,Yes
CUST00907,Male,1,68,No,No,74.33,4434.85,No
CUST00908,Male,0,7,No,DSL,109.01,740.83,Yes
CUST00909,Female,0,54,Yes,Fiber optic,47.17,2303.38,No
CUST00910,Female,0,20,Yes,Fiber optic,92.13,1716.59,Yes
CUST00911,Male,0,17,Yes,No,44.96,907.35,No
CUST00912,Female,0,28,No,Fiber optic,80.26,2208.78,Yes
CUST00913,Female,0,60,Yes,Fiber optic,51.26,2810.92,No
CUST00914,Female,0,11,No,Fiber optic,96.62,1144.54,Yes
CUST00915,Male,0,21,No,Fiber optic,29.11,801.71,No
CUST00916,Male,0,3,No,DSL,98.34,304.03,No
CUST00917,Female,0,16,No,No,29.18,465.37,No
CUST00918,Female,0,0,No,DSL,96.56,,Yes
CUST00919,Male,1,4,Yes,DSL,84.28,364.58,Yes
CUST00920,Female,0,31,No,Fiber optic,60.74,2127.05,Yes
CUST00921,Male,0,57,Yes,DSL,51.15,3150.07,No
CUST00922,Female,0,34,No,Fiber optic,43.25,1178.2,No
CUST00923,Male,0,28,Yes,No,26.31,625.09,No
CUST00924,Female,0,29,No,DSL,58.71,1910.57,No
CUST00925,Male,0,17,Yes,Fiber optic,28.08,569.35,No
CUST00926,Male,1,44,No,Fiber optic,83.68,3568.47,No
CUST00927,Female,0,28,No,No,20.17,741.52,No
CUST00928,Male,0,9,No,Fiber optic,84.91,757.45,No
CUST00929,Male,0,71,No,DSL,59.71,3762.79,No
CUST00930,Male,0,20,No,DSL,78.76,1480.76,No
CUST00931,Male,0,12,Yes,Fiber optic,49.05,672.72,No
CUST00932,Male,0,9,Yes,DSL,91.17,890.3,No
CUST00933,Male,0,28,Yes,DSL,98.83,2538.5,No
CUST00934,Male,1,25,Yes,DSL,70.78,1627.52,Yes
CUST00935,Female,0,10,Yes,No,92.47,967.18,Yes
CUST00936,Male,0,11,No,Fiber optic,70.49,683.89,No
CUST00937,Female,1,34,Yes,DSL,47.73,1550.26,Yes
CUST00938,Female,0,7,Yes,DSL,63.3,451.44,No
CUST00939,Female,1,0,Yes,DSL,86.02,,Yes
CUST00940,Female,0,65,Yes,Fiber optic,50.97,3821.25,No
CUST00941,Male,1,3,Yes,Fiber optic,108.87,302.82,Yes
CUST00942,Male,0,3,No,Fiber optic,86.42,268.4,No
CUST00943,Male,0,62,No,DSL,96.93,5602.39,No
CUST00944,Male,0,7,Yes,Fiber optic,107.1,715.1,Yes
CUST00945,Male,0,5,No,Fiber optic,89.44,,No
CUST00946,Male,0,22,Yes,DSL,30.37,,No
CUST00947,Female,0,12,Yes,DSL,67.81,891.84,No
CUST00948,Male,0,17,No,Fiber optic,65.42,,No
CUST00949,Male,0,33,No,No,94.49,3319.85,No
CUST00950,Female,0,65,Yes,DSL,63.24,4272.58,No
CUST00951,Female,0,70,Yes,Fiber optic,89.86,6352.07,Yes
CUST00952,Female,0,30,Yes,DSL,89.21,2507.63,No
CUST00953,Male,0,0,No,DSL,92.03,,Yes
CUST00954,Female,0,10,Yes,Fiber optic,63.03,634.76,No
CUST00955,Male,0,68,Yes,Fiber optic,33.93,1864.57,No
CUST00956,Male,1,1,No,Fiber optic,98.65,92.54,Yes
CUST00957,Male,0,66,No,Fiber optic,67.53,4873.67,No
CUST00958,Female,0,1,Yes,DSL,81.53,82.3,Yes
CUST00959,Female,0,26,Yes,DSL,69.28,1703.91,No
CUST00960,Male,0,69,Yes,No,39.48,3087.68,No
CUST00961,Female,0,6,No,DSL,87.97,585.99,No
CUST00962,Female,0,61,Yes,No,30.51,1987.75,No
CUST00963,Female,0,56,No,No,43.84,2388.26,No
CUST00964,Male,0,2,No,DSL,90.31,161.08,Yes
CUST00965,Female,0,11,No,No,90.35,1037.56,Yes
CUST00966,Male,0,49,Yes,DSL,88.47,4278.75,No
CUST00967,Male,0,28,Yes,DSL,73.63,2211.65,No
CUST00968,Female,0,58,Yes,No,99.38,6103.17,No
CUST00969,Female,1,1,Yes,No,98.61,97.16,No
CUST00970,Female,0,13,Yes,Fiber optic,46.01,679.47,No
CUST00971,Male,0,3,No,DSL,89.86,244.37,No
CUST00972,Female,0,11,No,No,61.0,581.17,No
CUST00973,Male,0,6,Yes,No,100.7,559.58,Yes
CUST00974,Female,0,43,No,No,26.52,,No
CUST00975,Female,1,9,No,DSL,79.89,807.74,No
CUST00976,Male,0,37,Yes,DSL,66.63,2275.3,No
CUST00977,Female,1,3,Yes,Fiber optic,87.77,266.42,Yes
CUST00978,Female,0,1,Yes,Fiber optic,60.82,61.38,No
CUST00979,Female,0,26,Yes,No,51.28,1380.27,No
CUST00980,Male,0,0,No,DSL,64.37,,No
CUST00981,Female,0,6,No,DSL,94.18,607.98,Yes
CUST00982,Female,0,39,No,DSL,89.51,3245.31,No
CUST00983,Male,0,10,No,Fiber optic,66.43,678.16,No
CUST00984,Female,1,12,Yes,No,66.92,913.97,No
CUST00985,Female,0,3,No,Fiber optic,95.32,310.69,No
CUST00986,Female,1,46,Yes,DSL,26.68,1453.27,Yes
CUST00987,Female,0,6,Yes,No,97.05,556.7,No
CUST00988,Male,0,1,No,DSL,90.45,94.31,Yes
CUST00989,Female,0,70,Yes,No,27.02,2247.13,No
CUST00990,Male,0,53,Yes,Fiber optic,57.01,2738.0,No
CUST00991,Male,0,32,No,Fiber optic,83.55,2523.92,No
CUST00992,Female,0,52,No,DSL,39.55,,No
CUST00993,Female,0,70,Yes,Fiber optic,77.93,4981.24,Yes
CUST00994,Male,0,1,Yes,Fiber optic,105.9,102.77,Yes
CUST00995,Female,0,1,No,Fiber optic,100.22,90.72,No
CUST00996,Male,0,38,Yes,No,70.62,2934.54,No
CUST00997,Male,1,8,No,Fiber optic,70.4,565.17,Yes
CUST00998,Female,0,4,Yes,DSL,89.22,348.47,No
CUST00999,Male,0,1,No,Fiber optic,82.17,88.1,Yes
CUST01000,Male,0,72,Yes,DSL,66.51,4250.01,No
